company_name,job_count
BNSF Railway,3
Roofr,3
Weedmaps,3
A.Team,2
Aura,2
Amplemarket,2
Oowlish Technology,2
Sparrow,2
Mitre Media,2
Smartbug Media,2
Coalition Technologies ,2
Bounteous,2
RWS TrainAI,1
Marketerx,1
LiveFlow,1
Blacklane,1
Loop,1
AO Garcia Agency,1
MissionWired,1
HeyGen,1
TELUS Digital,1
Workwize,1
Placemakr,1
Form Health,1
ProPublica,1
Tines,1
Corporativo Lumston,1
ZÃ³calo Health,1
Lumivero,1
Xometry,1
career,1
"ITS Logistics, LLC",1
CSCI Consulting,1
Viseven,1
Federato,1
Stress Free Auto Care,1
BRUNT,1
Bluelight Consulting,1
GNO Partners,1
Brafton,1
Accenture Federal Services,1
HighLevel,1
Compass Surgical Partners,1
Ludia Consulting,1
CrossCountry Consulting,1
"Pathward, N.A.",1
YipitData (Alternative),1
IAPWE,1
ControlUp,1
Sure,1
